Metric,Value
Average Demand,124.93972602739726
Std Dev Demand,44.191616494248855
Safety Stock,192.91804500824213
Reorder Point,1067.496127200023
